<?xml version="1.0" encoding="UTF-8"?>
<project-private xmlns="http://www.netbeans.org/ns/project-private/1">
    <editor-bookmarks xmlns="http://www.netbeans.org/ns/editor-bookmarks/2" lastBookmarkId="0"/>
    <open-files xmlns="http://www.netbeans.org/ns/projectui-open-files/2">
        <group>
            <file>file:/C:/Users/abdal/Desktop/calc/src/calc/MathOperations.java</file>
            <file>file:/C:/Users/abdal/Desktop/calc/src/calc/ArrayOperations.java</file>
            <file>file:/C:/Users/abdal/Desktop/calc/src/calc/welcome_page.java</file>
            <file>file:/C:/Users/abdal/Desktop/calc/src/calc/calc.java</file>
            <file>file:/C:/Users/abdal/Desktop/calc/src/calc/MathOperation.java</file>
        </group>
    </open-files>
</project-private>
